"","Name","Id","Adp","X","Team","Position","Age","Games","Starts","Completion","Pass_Attempts","Pass_Yards","Pass_TDs","Interceptions","Rush_Attempts","Rush_Yards","Rush_TDs","Targets","Receptions","Rec_Yards","Rec_TDs","VBD","Position_Rank","Overall_Rank","NA."
"1","A.J. Green",10261,15.79,13,"CIN","WR",25,16,16,0,0,0,0,0,0,0,0,178,98,1426,11,209,87,5,12
"2","A.J. Jenkins",10803,216.51,344,"KAN","WR",24,16,1,0,0,0,0,0,2,6,0,17,8,130,0,14,NA,134,NA
"3","Aaron Dobson",11214,155.04,169,"NWE","WR",22,12,9,0,0,0,0,0,0,0,0,72,37,519,4,76,NA,61,NA
"4","Aaron Rodgers",7836,15.13,89,"GNB","QB",30,9,9,193,290,2536,17,6,30,120,0,0,0,0,0,171,NA,21,NA
"5","Adrian Peterson",8658,1.76,18,"MIN","RB",28,14,14,0,0,0,0,0,279,1266,10,40,29,171,1,204,77,8,17
"6","Alex Smith",7813,157.72,81,"KAN","QB",29,15,15,308,508,3313,23,7,76,431,1,1,1,-4,0,253,NA,13,NA
"7","Alex Smith",7813,157.72,404,"CIN","TE",31,16,1,0,0,0,0,0,0,0,0,6,3,12,1,7,NA,73,NA
"8","Alfred Morris",10870,16.1,37,"WAS","RB",25,16,16,0,0,0,0,0,276,1275,7,12,9,78,0,169,43,15,36
"9","Alshon Jeffery",10722,126.67,20,"CHI","WR",23,16,14,0,0,0,0,0,16,105,0,148,89,1421,7,195,73,9,19
"10","Andre Brown",9565,112.05,173,"NYG","RB",27,8,8,0,0,0,0,0,139,492,3,29,20,103,0,74,NA,50,NA
"11","Andre Ellington",11175,225.45,79,"ARI","RB",24,15,1,0,0,0,0,0,118,652,3,57,39,371,1,126,NA,24,78
"12","Andre Johnson",6931,29.73,30,"HOU","WR",32,16,16,0,0,0,0,0,0,0,0,181,109,1407,5,171,49,13,29
"13","Andre Roberts",9921,179.54,198,"ARI","WR",25,16,2,0,0,0,0,0,0,0,0,76,43,471,2,59,NA,76,NA
"14","Andrew Luck",10695,59.87,43,"IND","QB",24,16,16,343,570,3822,23,9,63,377,4,0,0,0,0,297,36,4,42
"15","Andy Dalton",10313,110.28,47,"CIN","QB",26,16,16,363,586,4293,33,20,61,183,2,0,0,0,0,290,29,5,46
"16","Anquan Boldin",6982,89.07,40,"SFO","WR",33,16,16,0,0,0,0,0,2,11,0,129,85,1179,7,161,39,16,39
"17","Antonio Brown",9988,61.14,19,"PIT","WR",25,16,14,1,1,15,0,0,7,4,0,167,110,1499,8,199,77,8,18
"18","Antonio Gates",7236,107.03,54,"SDG","TE",33,16,15,0,0,0,0,0,0,0,0,114,77,872,4,107,18,8,53
"19","Arian Foster",9690,5.62,150,"HOU","RB",27,8,8,0,0,0,0,0,121,542,1,35,22,183,1,87,NA,44,NA
"20","Austin Collie",9563,208.6,417,"NWE","WR",28,7,1,0,0,0,0,0,0,0,0,11,6,63,0,6,NA,165,NA
"21","Ben Roethlisberger",7401,125.84,80,"PIT","QB",31,16,16,375,584,4261,28,14,27,99,1,0,0,5,0,261,NA,12,NA
"22","BenJarvus Green-Ellis",9347,94.31,108,"CIN","RB",28,16,16,0,0,0,0,0,220,756,7,8,4,22,0,116,NA,31,NA
"23","Bernard Pierce",10713,125.57,184,"BAL","RB",22,16,1,0,0,0,0,0,152,436,2,25,20,104,0,66,NA,52,NA
"24","Bilal Powell",10369,166.96,124,"NYJ","RB",25,16,11,1,1,30,0,0,176,697,1,57,36,272,0,104,NA,35,NA
"25","Blaine Gabbert",10262,216.28,360,"JAX","QB",24,3,3,42,86,481,1,7,9,32,0,0,0,0,0,12,NA,50,NA
"26","Brandon LaFell",9843,170.26,141,"CAR","WR",27,16,16,0,0,0,0,0,2,15,0,85,49,627,5,94,NA,50,NA
"27","Brandon Marshall",8360,19.99,14,"CHI","WR",29,16,16,0,0,0,0,0,0,0,0,164,100,1295,12,206,84,6,13
"28","Brandon Myers",9632,131.95,170,"NYG","TE",28,16,14,0,0,0,0,0,0,0,0,76,47,522,4,76,NA,16,NA
"29","Brandon Pettigrew",9444,132.66,224,"DET","TE",28,14,14,0,0,0,0,0,0,0,0,63,41,416,2,52,NA,30,NA
"30","Brandon Weeden",10698,172.87,144,"CLE","QB",30,8,5,141,267,1731,9,9,12,44,0,0,0,0,0,90,NA,38,NA
"31","Brent Celek",8838,184.32,155,"PHI","TE",28,16,15,0,0,0,0,0,0,0,0,51,32,502,6,84,NA,13,NA
"32","Brian Hartline",9545,144.43,72,"MIA","WR",27,16,15,0,0,0,0,0,0,0,0,133,76,1016,4,126,4,27,71
"33","Brian Quick",10735,202.1,252,"STL","WR",24,16,5,0,0,0,0,0,0,0,0,35,18,302,2,42,NA,104,NA
"34","Bryce Brown",10905,124.06,220,"PHI","RB",22,16,1,0,0,0,0,0,75,314,2,13,8,84,0,54,NA,58,NA
"35","C.J. Spiller",9822,8.94,100,"BUF","RB",26,15,10,0,0,0,0,0,202,933,2,41,33,185,0,122,NA,27,NA
"36","Calvin Johnson",8657,7.31,10,"DET","WR",28,14,14,0,0,0,0,0,0,0,0,156,84,1492,12,221,99,3,9
"37","Cam Newton",10273,38.48,42,"CAR","QB",24,16,16,292,473,3379,24,13,111,585,6,0,0,0,0,298,37,3,41
"38","Carson Palmer",6929,141.97,85,"ARI","QB",34,16,16,362,572,4274,24,22,27,3,0,0,0,0,0,221,NA,17,NA
"39","Chris Givens",10736,116.31,213,"STL","WR",24,16,13,0,0,0,0,0,3,8,0,83,34,569,0,56,NA,82,NA
"40","Chris Ivory",10077,79.74,126,"NYJ","RB",25,15,6,0,0,0,0,0,182,833,3,7,2,10,0,102,NA,37,NA
"41","Chris Johnson",9078,22.34,22,"TEN","RB",28,16,16,0,0,0,0,0,279,1077,6,52,42,345,4,198,72,9,21
"42","Christian Ponder",10296,183.67,119,"MIN","QB",25,9,9,152,239,1648,7,9,34,151,4,0,0,0,0,107,NA,33,NA
"43","Christine Michael",11179,159.15,396,"SEA","RB",23,4,0,0,0,0,0,0,18,79,0,0,0,0,0,8,NA,114,NA
"44","Coby Fleener",10743,162,77,"IND","TE",25,16,12,0,0,0,0,0,0,0,0,87,52,608,4,89,NA,12,76
"45","Colin Kaepernick",10297,51.5,73,"SFO","QB",26,16,16,243,416,3197,21,8,92,524,4,0,0,0,0,264,3,11,72
"46","Cordarrelle Patterson",11225,137.87,122,"MIN","WR",22,16,6,0,0,0,0,0,12,158,3,77,45,469,4,105,NA,40,NA
"47","Daniel Thomas",10299,180.08,158,"MIA","RB",26,15,1,0,0,0,0,0,109,406,4,17,15,63,2,83,NA,45,NA
"48","Danny Amendola",9308,45.73,171,"NWE","WR",28,12,6,0,0,0,0,0,1,1,0,83,54,633,2,75,NA,62,NA
"49","Danny Woodhead",9693,131.49,53,"SDG","RB",28,16,2,0,0,0,0,0,106,429,2,88,76,605,6,147,21,19,52
"50","Darren McFadden",9087,43.78,160,"OAK","RB",26,10,7,1,1,16,1,0,114,379,5,25,17,108,0,81,NA,47,NA
"51","Darren Sproles",7942,38.41,127,"NOR","RB",30,15,4,0,0,0,0,0,53,220,2,89,71,604,2,102,NA,36,NA
"52","Darrius Heyward-Bey",9452,156.42,247,"IND","WR",26,16,11,0,0,0,0,0,3,26,0,64,29,309,1,44,NA,103,NA
"53","Daryl Richardson",10924,79.73,279,"STL","RB",23,8,3,0,0,0,0,0,69,215,0,18,14,121,0,34,NA,77,NA
"54","David Wilson",10707,37.17,331,"NYG","RB",22,5,4,0,0,0,0,0,44,146,1,6,2,8,0,17,NA,99,NA
"55","Davone Bess",9301,233.13,239,"CLE","WR",28,14,3,0,0,0,0,0,0,0,0,86,42,362,2,48,NA,98,NA
"56","DeAndre Hopkins",11232,114.73,143,"HOU","WR",21,16,16,0,0,0,0,0,0,0,0,91,52,802,2,90,NA,51,NA
"57","DeAngelo Williams",8268,94.76,65,"CAR","RB",30,15,15,0,0,0,0,0,201,843,3,36,26,333,1,138,11,22,64
"58","Delanie Walker",8416,219.58,70,"TEN","TE",29,15,11,0,0,0,0,0,0,0,0,86,60,571,6,93,4,11,69
"59","DeMarco Murray",10302,36.4,17,"DAL","RB",25,14,14,0,0,0,0,0,217,1121,9,66,53,350,1,205,79,7,16
"60","Demaryius Thomas",9884,23.37,8,"DEN","WR",26,16,16,0,0,0,0,0,0,0,0,142,92,1430,14,229,107,1,7
"61","Denard Robinson",11210,193.18,465,"JAX","WR",23,16,0,0,1,0,0,0,20,66,0,1,0,0,0,3,NA,183,NA
"62","Denarius Moore",10388,131.79,130,"OAK","WR",25,13,10,0,0,0,0,0,0,0,0,86,46,695,5,100,NA,43,NA
"63","DeSean Jackson",9075,70.99,24,"PHI","WR",27,16,16,0,0,0,0,0,3,2,0,126,82,1332,9,191,70,11,23
"64","Dexter McCluster",9856,208.55,189,"KAN","WR",25,15,6,0,0,0,0,0,8,5,0,83,53,511,2,64,NA,71,NA
"65","Dez Bryant",9823,16.03,15,"DAL","WR",25,16,16,0,0,0,0,0,1,1,0,159,93,1233,13,203,82,7,14
"66","Donnie Avery",9040,207.64,178,"KAN","WR",29,16,14,0,0,0,0,0,2,6,0,71,40,596,2,70,NA,66,NA
"67","Doug Baldwin",10527,237.17,117,"SEA","WR",25,16,9,0,0,0,0,0,2,6,0,72,50,778,5,110,NA,37,NA
"68","Doug Martin",10709,4.28,209,"TAM","RB",24,6,6,0,0,0,0,0,127,456,1,24,12,66,0,56,NA,56,NA
"69","Drew Brees",4925,16.71,11,"NOR","QB",34,16,16,446,650,5162,39,12,35,52,3,0,0,0,0,358,97,2,10
"70","Dwayne Allen",10742,174.13,394,"IND","TE",23,1,1,0,0,0,0,0,0,0,0,2,1,20,1,8,NA,68,NA
"71","Dwayne Bowe",8667,46.52,135,"KAN","WR",29,15,15,0,0,0,0,0,0,0,0,103,57,673,5,97,NA,45,NA
"72","Ed Dickson",9912,184.17,283,"BAL","TE",26,16,14,0,0,0,0,0,0,0,0,43,25,273,1,33,NA,44,NA
"73","Eddie Lacy",11201,52.34,16,"GNB","RB",23,15,15,0,0,0,0,0,284,1178,11,44,35,257,0,208,81,6,15
"74","Eli Manning",7391,96.62,90,"NYG","QB",32,16,16,317,551,3818,18,27,18,36,0,0,0,0,0,170,NA,22,NA
"75","Emmanuel Sanders",9918,121.94,107,"PIT","WR",26,16,10,0,0,0,0,0,1,25,0,113,67,740,6,117,NA,33,NA
"76","Eric Decker",9881,60.63,23,"DEN","WR",26,16,16,0,0,0,0,0,0,0,0,136,87,1288,11,193,71,10,22
"77","Felix Jones",9079,194.63,310,"PIT","RB",26,16,2,0,0,0,0,0,48,184,0,13,9,63,0,23,NA,88,NA
"78","Frank Gore",7877,36.7,31,"SFO","RB",30,16,16,0,0,0,0,0,276,1128,9,27,16,141,0,175,49,13,30
"79","Fred Davis",9058,143.21,348,"WAS","TE",27,10,3,0,0,0,0,0,0,0,0,18,7,70,1,13,NA,57,NA
"80","Fred Jackson",8934,133.53,26,"BUF","RB",32,16,6,0,0,0,0,0,206,890,9,65,47,387,1,188,61,10,25
"81","Geno Smith",11150,190.67,88,"NYJ","QB",23,16,16,247,443,3046,12,21,72,366,6,1,1,13,0,194,NA,20,NA
"82","Giovani Bernard",11193,66.9,39,"CIN","RB",22,16,0,0,0,0,0,0,170,695,5,71,56,514,3,167,41,16,38
"83","Golden Tate",9831,117.92,75,"SEA","WR",25,16,13,0,0,0,0,0,3,31,0,99,64,898,5,123,1,29,74
"84","Greg Jennings",8293,84.83,120,"MIN","WR",30,15,15,0,0,0,0,0,0,0,0,106,68,804,4,106,NA,39,NA
"85","Greg Little",10327,162.52,199,"CLE","WR",24,16,13,0,0,0,0,0,0,0,0,99,41,465,2,59,NA,77,NA
"86","Greg Olsen",8687,91.68,48,"CAR","TE",28,16,16,0,0,0,0,0,0,0,0,111,73,816,6,118,29,7,47
"87","Hakeem Nicks",9450,55,145,"NYG","WR",25,15,15,0,0,0,0,0,0,0,0,101,56,896,0,90,NA,52,NA
"88","Heath Miller",7842,168.59,191,"PIT","TE",31,14,14,0,0,0,0,0,0,0,0,79,58,593,1,63,NA,25,NA
"89","Isaac Redman",9705,153.97,460,"PIT","RB",29,3,1,0,0,0,0,0,10,12,0,5,4,14,0,3,NA,139,NA
"90","Isaiah Pead",10718,152.21,356,"STL","RB",24,10,0,0,0,0,0,0,7,21,0,15,11,78,0,12,NA,107,NA
"91","Jacob Tamme",9176,204.87,303,"DEN","TE",28,16,1,0,0,0,0,0,0,0,0,25,20,184,1,24,NA,49,NA
"92","Jacoby Jones",8772,177.3,201,"BAL","WR",29,12,9,0,0,0,0,0,2,0,0,68,37,455,2,58,NA,79,NA
"93","Jacquizz Rodgers",10300,143.05,146,"ATL","RB",23,15,4,0,0,0,0,0,96,332,2,63,52,341,2,89,NA,42,NA
"94","Jake Ballard",10205,204.85,315,"ARI","TE",26,8,3,0,0,0,0,0,0,0,0,9,7,75,2,20,NA,53,NA
"95","Jake Locker",10279,180.26,131,"TEN","QB",25,7,7,111,183,1256,8,4,24,155,2,0,0,0,0,100,NA,37,NA
"96","Jamaal Charles",9054,7.15,2,"KAN","RB",27,15,15,0,0,0,0,0,259,1287,12,104,70,693,7,308,182,1,1
"97","James Jones",8776,73.4,129,"GNB","WR",29,14,14,0,0,0,0,0,0,0,0,93,59,817,3,100,NA,42,NA
"98","Jared Cook",9474,102.54,67,"STL","TE",26,16,13,0,0,0,0,0,0,0,0,85,51,671,5,97,8,10,66
"99","Jason Avant",8350,212.06,217,"PHI","WR",30,16,13,0,0,0,0,0,0,0,0,77,38,447,2,55,NA,86,NA
"100","Jason Witten",6997,52.85,36,"DAL","TE",31,16,16,0,0,0,0,0,0,0,0,111,73,851,8,133,44,5,35
"101","Jay Cutler",8252,129.38,91,"CHI","QB",30,11,11,224,355,2621,19,12,23,118,0,0,0,0,0,169,NA,23,NA
"102","Jeremy Kerley",10392,197.29,177,"NYJ","WR",25,12,8,0,1,0,0,0,4,11,0,72,43,523,3,71,NA,64,NA
"103","Jermaine Gresham",9838,147.05,188,"CIN","TE",25,14,14,0,0,0,0,0,0,0,0,68,46,458,4,64,NA,23,NA
"104","Jermichael Finley",9150,85.46,242,"GNB","TE",26,6,5,0,0,0,0,0,0,0,0,34,25,300,3,48,NA,35,NA
"105","Jimmy Graham",9925,20.85,12,"NOR","WR",27,16,12,0,0,0,0,0,0,0,0,142,86,1215,16,218,96,4,11
"106","Joe Flacco",9064,132.3,87,"BAL","QB",28,16,16,362,614,3912,19,22,27,131,1,0,0,0,0,208,NA,19,NA
"107","Joique Bell",10048,156.07,41,"DET","RB",27,16,4,0,0,0,0,0,166,650,8,69,53,547,0,164,37,17,40
"108","Jonathan Dwyer",9834,162,296,"PIT","RB",24,15,0,0,0,0,0,0,49,197,0,11,8,64,0,26,NA,82,NA
"109","Jonathan Stewart",9101,134.61,313,"CAR","RB",26,6,1,0,0,0,0,0,48,180,0,7,7,44,0,22,NA,89,NA
"110","Jordan Cameron",10352,120.97,34,"CLE","TE",25,15,14,0,0,0,0,0,0,0,0,118,80,917,7,134,45,4,33
"111","Jordy Nelson",9118,54.91,29,"GNB","WR",28,16,16,0,0,0,0,0,0,0,0,127,85,1314,8,179,58,12,28
"112","Joseph Randle",11200,169.54,269,"DAL","RB",22,13,2,0,0,0,0,0,54,164,2,10,8,61,0,35,NA,75,NA
"113","Josh Freeman",9460,149.9,288,"2TM","QB",25,4,4,63,147,761,2,4,5,20,0,0,0,0,0,30,NA,46,NA
"114","Josh Gordon",10960,93.72,9,"CLE","WR",22,14,14,0,0,0,0,0,5,88,0,159,87,1646,9,227,106,2,8
"115","Julian Edelman",9662,177.92,51,"NWE","WR",27,16,11,0,0,0,0,0,2,11,0,151,105,1056,6,147,25,19,50
"116","Julio Jones",10271,20.56,180,"ATL","WR",24,5,5,0,0,0,0,0,1,7,0,59,41,580,2,69,NA,67,NA
"117","Julius Thomas",10372,168.32,25,"DEN","TE",25,14,14,0,0,0,0,0,0,0,0,90,65,788,12,151,62,2,24
"118","Justin Blackmon",10719,115.79,237,"JAX","WR",23,4,4,0,0,0,0,0,1,-1,0,48,29,415,1,49,NA,95,NA
"119","Justin Hunter",11212,203.59,197,"TEN","WR",22,14,0,0,0,0,0,0,0,0,0,42,18,354,4,59,NA,75,NA
"120","Keenan Allen",11222,185.04,49,"SDG","WR",21,15,14,0,0,0,0,0,0,0,0,105,71,1046,8,149,27,18,48
"121","Kenbrell Thompkins",11440,120.65,176,"NWE","WR",25,12,8,0,0,0,0,0,0,0,0,69,32,466,4,71,NA,65,NA
"122","Kendall Hunter",10305,177.13,222,"SFO","RB",25,16,0,0,0,0,0,0,78,358,3,4,2,13,0,53,NA,61,NA
"123","Kendall Wright",10720,139.1,101,"TEN","WR",24,16,12,0,0,0,0,0,0,0,0,139,94,1079,2,120,NA,31,NA
"124","Kenjon Barner",11177,215.68,507,"CAR","RB",24,8,0,0,0,0,0,0,6,7,0,3,2,7,0,1,NA,145,NA
"125","Kenny Britt",9467,100.8,373,"TEN","WR",25,12,3,0,0,0,0,0,0,0,0,35,11,96,0,10,NA,148,NA
"126","Kenny Stills",11227,182.48,138,"NOR","WR",21,16,10,0,0,0,0,0,3,10,0,50,32,641,5,95,NA,48,NA
"127","Kirk Cousins",10700,217.74,267,"WAS","QB",25,5,3,81,155,854,4,7,4,14,0,0,0,0,0,36,NA,44,NA
"128","Knile Davis",11194,181.18,219,"KAN","RB",22,16,1,0,0,0,0,0,70,242,4,15,11,75,0,54,NA,59,NA
"129","Knowshon Moreno",9437,159.09,7,"DEN","RB",26,16,15,0,0,0,0,0,241,1038,10,74,60,548,3,237,110,5,6
"130","Lamar Miller",10708,49.51,133,"MIA","RB",22,16,15,0,0,0,0,0,177,709,2,35,26,170,0,98,NA,38,NA
"131","LaMichael James",10711,170.82,395,"SFO","RB",24,10,0,0,0,0,0,0,12,59,0,3,2,16,0,8,NA,115,NA
"132","Lance Dunbar",10961,199,325,"DAL","RB",23,9,0,0,0,0,0,0,30,150,0,7,7,59,0,19,NA,93,NA
"133","Lance Moore",8178,102.78,211,"NOR","WR",30,13,5,0,0,0,0,0,0,0,0,54,37,457,2,56,NA,83,NA
"134","Larry Fitzgerald",7393,27.86,44,"ARI","WR",30,16,16,0,1,0,0,0,2,8,0,135,82,954,10,156,34,17,43
"135","Le'Veon Bell",11192,78.39,33,"PIT","RB",21,13,13,0,0,0,0,0,244,860,8,66,45,399,0,172,46,14,32
"136","LeGarrette Blount",9898,201.89,106,"NWE","RB",27,16,7,0,0,0,0,0,153,772,7,5,2,38,0,119,NA,30,NA
"137","LeSean McCoy",9448,10.24,4,"PHI","RB",25,16,16,0,0,0,0,0,314,1607,9,64,52,539,2,279,152,2,3
"138","Malcom Floyd",1600,165.05,340,"SDG","WR",32,2,2,0,0,0,0,0,0,0,0,11,6,149,0,15,NA,131,NA
"139","Marcedes Lewis",8269,195.57,202,"JAX","TE",29,11,11,0,0,0,0,0,0,0,0,47,25,359,4,58,NA,26,NA
"140","Marcel Reece",9802,183.65,161,"OAK","RB",28,16,15,1,1,22,0,0,46,218,2,54,32,331,2,80,NA,48,NA
"141","Mark Ingram",10276,99.64,221,"NOR","RB",24,11,3,0,0,0,0,0,78,386,1,11,7,68,0,53,NA,60,NA
"142","Markus Wheaton",11229,175.03,420,"PIT","WR",22,12,1,0,0,0,0,0,0,0,0,13,6,64,0,6,NA,164,NA
"143","Marques Colston",8493,45.58,74,"NOR","WR",30,15,11,0,0,0,0,0,0,0,0,111,75,943,5,124,3,28,73
"144","Marshawn Lynch",8670,9.86,6,"SEA","RB",27,16,16,0,0,0,0,0,301,1257,12,44,36,316,2,239,113,4,5
"145","Martellus Bennett",9044,132.09,61,"CHI","TE",26,16,15,0,0,0,0,0,0,0,0,94,65,759,5,104,15,9,60
"146","Matt Flynn",9254,208.05,166,"3TM","QB",28,9,5,124,200,1392,8,5,20,65,0,0,0,0,0,78,NA,41,NA
"147","Matt Forte",9122,16.42,5,"CHI","RB",28,16,16,0,0,0,0,0,289,1339,9,95,74,594,3,265,139,3,4
"148","Matt Ryan",9099,43.46,83,"ATL","QB",28,16,16,439,651,4515,26,17,17,55,0,0,0,0,0,248,NA,15,NA
"149","Matt Schaub",7480,137.45,121,"HOU","QB",32,10,8,219,358,2310,10,14,5,24,0,0,0,0,0,105,NA,34,NA
"150","Matthew Stafford",9431,57.44,52,"DET","QB",25,16,16,371,634,4650,29,19,37,69,2,0,0,0,0,285,24,7,51
"151","Maurice Jones-Drew",8301,28.02,55,"JAX","RB",28,15,15,1,1,8,1,0,234,803,5,60,43,314,0,144,18,20,54
"152","Michael Bush",8685,159.55,235,"CHI","RB",29,15,0,0,0,0,0,0,63,197,3,8,4,48,1,49,NA,63,NA
"153","Michael Floyd",10721,119.44,62,"ARI","WR",24,16,16,0,0,0,0,0,0,0,0,113,65,1041,5,136,14,25,61
"154","Michael Vick",4891,109.46,128,"PHI","QB",33,7,6,77,141,1215,5,3,36,306,2,0,0,-2,0,101,NA,36,NA
"155","Mike Gillislee",11180,224.81,474,"MIA","RB",23,3,0,0,0,0,0,0,6,21,0,0,0,0,0,2,NA,142,NA
"156","Mike Goodson",9548,221.68,397,"NYJ","RB",26,2,0,0,0,0,0,0,7,61,0,3,2,19,0,8,NA,113,NA
"157","Mike Tolbert",9315,207.15,134,"CAR","RB",28,16,13,0,0,0,0,0,101,361,5,33,27,184,2,97,NA,39,NA
"158","Mike Wallace",9525,62.95,68,"MIA","WR",27,16,16,0,0,0,0,0,3,33,0,141,73,930,5,128,7,26,67
"159","Mikel Leshoure",10281,149.89,502,"DET","RB",23,3,0,0,0,0,0,0,2,9,0,0,0,0,0,1,NA,149,NA
"160","Miles Austin",8510,87.65,304,"DAL","WR",29,11,8,0,0,0,0,0,0,0,0,49,24,244,0,24,NA,122,NA
"161","Mohamed Sanu",10723,164.9,203,"CIN","WR",24,16,14,1,1,25,0,0,4,16,0,77,47,455,2,58,NA,78,NA
"162","Montee Ball",11174,63.08,148,"DEN","RB",23,16,0,0,0,0,0,0,120,559,4,27,20,145,0,88,NA,43,NA
"163","Nate Burleson",6999,208.71,227,"DET","WR",32,9,8,0,0,0,0,0,2,-8,0,55,39,461,1,51,NA,92,NA
"164","Nate Washington",8117,207.37,118,"TEN","WR",30,16,15,0,0,0,0,0,0,0,0,105,58,919,3,110,NA,38,NA
"165","Nick Foles",10699,216.14,69,"PHI","QB",24,13,10,203,317,2891,27,2,57,221,3,0,0,0,0,266,5,9,68
"166","Nick Toon",10731,219.9,410,"NOR","WR",25,8,3,0,0,0,0,0,0,0,0,12,4,68,0,7,NA,162,NA
"167","Owen Daniels",8339,106.85,250,"HOU","TE",31,5,5,0,0,0,0,0,0,0,0,41,24,252,3,43,NA,37,NA
"168","Peyton Manning",3291,26.88,3,"DEN","QB",37,16,16,450,659,5477,55,10,32,-31,1,0,0,0,0,414,153,1,2
"169","Philip Rivers",7394,155.93,50,"SDG","QB",32,16,16,378,544,4478,32,11,28,72,0,1,0,-9,0,287,27,6,49
"170","Pierre Garcon",9250,58.89,35,"WAS","WR",27,16,16,0,0,0,0,0,2,19,0,181,113,1346,5,167,45,14,34
"171","Pierre Thomas",8931,141.63,66,"NOR","RB",29,16,9,0,0,0,0,0,147,549,2,84,77,513,3,136,10,23,65
"172","Quinton Patton",11218,193.74,419,"SFO","WR",23,6,0,0,0,0,0,0,1,26,0,5,3,34,0,6,NA,167,NA
"173","Randall Cobb",10308,31.09,172,"GNB","WR",23,6,4,0,0,0,0,0,4,78,0,47,31,433,4,75,NA,63,NA
"174","Rashad Jennings",9680,209.14,63,"OAK","RB",28,15,8,0,0,0,0,0,163,733,6,48,36,292,0,139,12,21,62
"175","Rashard Mendenhall",9089,85.59,98,"ARI","RB",26,15,15,0,0,0,0,0,217,687,8,21,18,134,0,126,NA,25,NA
"176","Ray Rice",9094,8.63,103,"BAL","RB",26,15,15,0,0,0,0,0,214,660,4,72,58,321,0,120,NA,28,NA
"177","Reggie Bush",8243,27.7,27,"DET","RB",28,14,14,0,0,0,0,0,223,1006,4,80,54,506,3,185,59,11,26
"178","Reggie Wayne",4923,48.18,185,"IND","WR",35,7,7,0,0,0,0,0,1,5,0,58,38,503,2,65,NA,69,NA
"179","Riley Cooper",9964,195.49,56,"PHI","WR",26,16,15,0,0,0,0,0,0,18,0,84,47,835,8,139,18,20,55
"180","Rob Gronkowski",9902,46.31,156,"NWE","TE",24,7,6,0,0,0,0,0,0,0,0,66,39,592,4,83,NA,14,NA
"181","Robert Turbin",10714,188.8,289,"SEA","RB",24,16,0,0,0,0,0,0,77,264,0,12,8,60,0,30,NA,78,NA
"182","Robert Woods",11228,174.77,162,"BUF","WR",21,14,14,0,0,0,0,0,2,16,0,85,40,587,3,80,NA,58,NA
"183","Rod Streater",10955,182.91,112,"OAK","WR",25,16,14,0,0,0,0,0,2,17,0,100,60,888,4,113,NA,35,NA
"184","Roddy White",7839,32.75,152,"ATL","WR",32,13,13,0,0,0,0,0,0,0,0,97,63,711,3,87,NA,55,NA
"185","Ronnie Hillman",10812,122.4,262,"DEN","RB",22,10,0,0,0,0,0,0,55,218,1,14,12,119,0,38,NA,69,NA
"186","Roy Helu",10355,167.72,167,"WAS","RB",25,16,0,0,0,0,0,0,62,274,4,42,31,251,0,77,NA,49,NA
"187","Rueben Randle",10725,146.2,139,"NYG","WR",22,16,3,0,0,0,0,0,0,0,0,78,41,611,6,95,NA,49,NA
"188","Russell Wilson",10703,69.8,64,"SEA","QB",25,16,16,257,407,3357,26,9,96,539,1,0,0,0,0,272,11,8,63
"189","Ryan Mathews",9851,62,28,"SDG","RB",26,16,14,0,0,0,0,0,285,1255,6,33,26,189,1,184,58,12,27
"190","Ryan Tannehill",10697,158.46,84,"MIA","QB",25,16,16,355,588,3913,24,17,40,238,1,0,0,0,0,240,NA,16,NA
"191","Sam Bradford",9817,139.51,105,"STL","QB",26,7,7,159,262,1687,14,4,15,31,0,0,0,0,0,119,NA,30,NA
"192","Santana Moss",4907,187.2,212,"WAS","WR",34,16,1,0,0,0,0,0,3,25,0,79,42,452,2,56,NA,84,NA
"193","Santonio Holmes",8266,183.02,225,"NYJ","WR",29,11,11,0,0,0,0,0,0,0,0,59,23,456,1,52,NA,91,NA
"194","Scott Chandler",8735,218.94,168,"BUF","TE",28,16,7,0,0,0,0,0,0,0,0,81,53,655,2,76,NA,17,NA
"195","Shane Vereen",10303,81.25,142,"NWE","RB",24,8,1,0,0,0,0,0,44,208,1,69,47,427,3,92,NA,41,NA
"196","Shonn Greene",9458,166.46,204,"TEN","RB",28,11,0,0,0,0,0,0,77,295,4,8,6,39,0,57,NA,55,NA
"197","Stedman Bailey",11223,231.67,284,"STL","WR",23,16,2,0,0,0,0,0,2,33,1,25,17,226,0,32,NA,116,NA
"198","Stepfan Taylor",11176,198.58,323,"ARI","RB",22,16,0,0,0,0,0,0,36,115,0,9,8,71,0,19,NA,95,NA
"199","Stephen Hill",10800,192.68,261,"NYJ","WR",22,12,11,0,0,0,0,0,0,0,0,59,24,342,1,38,NA,109,NA
"200","Stevan Ridley",10334,30.99,104,"NWE","RB",24,14,6,0,0,0,0,0,178,773,7,12,10,62,0,120,NA,29,NA
"201","Steve Smith",4974,69.35,132,"CAR","WR",34,15,15,0,0,0,0,0,0,0,0,110,64,745,4,99,NA,44,NA
"202","Steven Jackson",7414,22.62,111,"ATL","RB",30,12,12,0,0,0,0,0,157,543,6,49,33,191,1,115,NA,32,NA
"203","T.Y. Hilton",10729,76.82,57,"IND","WR",24,16,10,0,0,0,0,0,2,6,0,139,82,1083,5,139,17,21,56
"204","Tavon Austin",11213,80.1,154,"STL","WR",22,13,3,0,1,0,0,0,9,151,1,69,40,418,4,85,NA,57,NA
"205","Terrance Williams",11211,215.12,125,"DAL","WR",24,16,8,0,0,0,0,0,3,4,0,74,44,736,5,102,NA,41,NA
"206","Terrelle Pryor",10500,197.38,95,"OAK","QB",24,11,9,156,272,1798,7,11,83,576,2,0,0,0,0,144,NA,27,NA
"207","Toby Gerhart",9880,198.17,243,"MIN","RB",26,14,0,0,0,0,0,0,36,283,2,19,13,88,0,47,NA,64,NA
"208","Tom Brady",5848,37.02,82,"NWE","QB",36,16,16,380,628,4343,25,11,32,18,0,0,0,0,0,252,NA,14,NA
"209","Tony Gonzalez",2918,62.09,32,"ATL","TE",37,16,16,0,0,0,0,0,0,0,0,121,83,859,8,136,47,3,31
"210","Tony Romo",7260,71.74,71,"DAL","QB",33,15,15,342,535,3828,31,10,20,38,0,0,0,0,0,265,4,10,70
"211","Torrey Smith",10289,58.07,58,"BAL","WR",24,16,16,0,0,0,0,0,0,0,0,137,65,1128,4,139,17,22,57
"212","Trent Richardson",10706,10.16,116,"2TM","RB",23,16,10,0,0,0,0,0,188,563,3,52,35,316,1,110,NA,34,NA
"213","Tyler Eifert",11250,151.76,207,"CIN","TE",23,15,15,0,0,0,0,0,0,0,0,60,39,445,2,57,NA,27,NA
"214","Vernon Davis",8247,59.56,21,"SFO","TE",29,15,15,0,0,0,0,0,0,0,0,84,52,850,13,161,72,1,20
"215","Vick Ballard",10715,122.38,414,"IND","RB",23,1,1,0,0,0,0,0,13,63,0,2,1,-5,0,6,NA,120,NA
"216","Victor Cruz",10080,35.12,76,"NYG","WR",27,14,12,0,0,0,0,0,0,0,0,122,73,998,4,122,NA,30,75
"217","Vincent Brown",10338,119.61,223,"SDG","WR",24,16,12,0,0,0,0,0,0,0,0,70,41,472,1,53,NA,90,NA
"218","Vincent Jackson",7873,39.7,38,"TAM","WR",30,16,16,0,0,0,0,0,1,0,0,160,78,1224,7,164,43,15,37
"219","Wes Welker",7653,41.46,59,"DEN","WR",32,13,13,0,0,0,0,0,0,0,0,111,73,778,10,138,16,23,58
"220","Zac Stacy",11189,167.28,45,"STL","RB",22,14,12,0,0,0,0,0,250,973,7,35,26,141,1,157,31,18,44
"221","Zach Ertz",11247,190.73,174,"PHI","TE",23,16,3,0,0,0,0,0,0,0,0,57,36,469,4,73,NA,18,NA
"222","Zach Miller",8683,184.71,179,"SEA","TE",28,14,12,0,0,0,0,0,0,0,0,56,33,387,5,69,NA,20,NA
"223","Zach Sudfeld",11259,140.91,422,"2TM","TE",24,14,2,0,0,0,0,0,0,0,0,10,5,63,0,6,NA,77,NA
